Claim_ID,Food_ID,Receiver_ID,Status,Timestamp
1,164,908,pending,3/5/2025 5:26
2,353,391,cancelled,3/11/2025 10:24
3,626,492,completed,3/21/2025 0:59
4,61,933,cancelled,3/4/2025 9:08
5,345,229,pending,3/14/2025 15:17
6,273,607,cancelled,3/2/2025 2:50
7,735,256,cancelled,3/7/2025 23:58
8,382,900,pending,3/5/2025 7:07
9,278,807,completed,3/18/2025 2:26
10,669,975,completed,3/6/2025 19:57
11,290,118,pending,3/4/2025 23:01
12,694,739,completed,3/1/2025 21:55
13,951,959,pending,3/8/2025 13:08
14,426,233,cancelled,3/8/2025 16:08
15,684,97,completed,3/7/2025 8:00
16,320,836,cancelled,3/7/2025 6:17
17,465,588,cancelled,3/15/2025 16:49
18,952,729,completed,3/9/2025 2:04
19,798,399,pending,3/16/2025 6:32
20,792,88,completed,3/7/2025 12:15
21,281,493,completed,3/4/2025 0:29
22,345,757,pending,3/9/2025 3:11
23,674,526,completed,3/6/2025 22:55
24,594,717,pending,3/15/2025 0:51
25,371,10,completed,3/10/2025 7:10
26,959,233,cancelled,3/21/2025 4:34
27,58,487,completed,3/17/2025 5:07
28,586,189,pending,3/19/2025 4:15
29,812,769,pending,3/14/2025 17:09
30,193,228,pending,3/7/2025 4:05
31,937,546,completed,3/3/2025 2:06
32,624,371,cancelled,3/17/2025 12:57
33,905,386,cancelled,3/16/2025 14:26
34,713,271,pending,3/18/2025 1:17
35,190,93,cancelled,3/9/2025 21:40
36,597,562,pending,3/16/2025 3:41
37,832,920,cancelled,3/13/2025 3:50
38,757,380,cancelled,3/18/2025 5:29
39,58,923,pending,3/12/2025 9:57
40,141,789,pending,3/10/2025 4:14
41,415,336,pending,3/18/2025 4:33
42,886,256,pending,3/7/2025 12:22
43,611,306,pending,3/16/2025 17:08
44,825,31,pending,3/9/2025 13:02
45,457,569,completed,3/13/2025 7:07
46,556,412,cancelled,3/12/2025 2:30
47,746,48,pending,3/7/2025 10:45
48,895,373,pending,3/9/2025 23:13
49,190,678,pending,3/20/2025 13:44
50,251,804,pending,3/19/2025 13:18
51,543,255,pending,3/4/2025 10:59
52,507,517,cancelled,3/15/2025 14:58
53,37,449,completed,3/11/2025 9:43
54,534,737,cancelled,3/6/2025 1:44
55,438,601,completed,3/9/2025 0:13
56,690,452,completed,3/17/2025 14:29
57,225,295,completed,3/11/2025 21:44
58,258,149,completed,3/13/2025 15:12
59,797,371,cancelled,3/2/2025 23:28
60,390,391,pending,3/16/2025 15:03
61,990,550,cancelled,3/8/2025 21:06
62,258,678,pending,3/17/2025 14:07
63,119,279,pending,3/8/2025 21:30
64,771,90,completed,3/17/2025 13:38
65,424,532,cancelled,3/15/2025 15:00
66,310,730,cancelled,3/11/2025 19:22
67,486,817,completed,3/17/2025 17:22
68,526,321,pending,3/2/2025 4:49
69,321,45,completed,3/10/2025 6:15
70,203,479,completed,3/19/2025 15:41
71,538,897,cancelled,3/2/2025 15:34
72,851,44,completed,3/4/2025 10:49
73,708,222,pending,3/5/2025 23:42
74,487,62,cancelled,3/2/2025 13:20
75,909,161,cancelled,3/6/2025 11:44
76,877,185,completed,3/13/2025 22:38
77,65,324,completed,3/4/2025 22:57
78,504,151,completed,3/15/2025 13:41
79,188,795,cancelled,3/3/2025 1:13
80,153,35,pending,3/21/2025 1:58
81,964,876,completed,3/3/2025 9:13
82,641,638,pending,3/9/2025 13:21
83,805,695,completed,3/18/2025 19:37
84,925,554,pending,3/9/2025 2:10
85,197,624,completed,3/1/2025 9:52
86,790,425,cancelled,3/2/2025 9:25
87,829,918,completed,3/13/2025 10:50
88,233,310,completed,3/3/2025 2:47
89,912,632,cancelled,3/5/2025 20:34
90,378,27,completed,3/4/2025 16:53
91,251,373,completed,3/18/2025 18:10
92,136,65,pending,3/7/2025 11:12
93,600,129,pending,3/16/2025 11:30
94,505,523,cancelled,3/19/2025 5:04
95,673,352,cancelled,3/11/2025 10:52
96,937,500,completed,3/17/2025 7:56
97,381,802,pending,3/2/2025 2:12
98,741,116,cancelled,3/13/2025 13:30
99,101,995,completed,3/1/2025 2:21
100,101,892,pending,3/19/2025 19:11
101,16,654,cancelled,3/7/2025 2:19
102,110,772,completed,3/16/2025 6:03
103,463,423,completed,3/7/2025 12:06
104,882,52,completed,3/5/2025 0:36
105,89,619,completed,3/15/2025 23:07
106,674,589,cancelled,3/6/2025 3:27
107,374,467,completed,3/21/2025 0:40
108,786,909,pending,3/8/2025 9:17
109,696,923,pending,3/15/2025 16:28
110,469,196,pending,3/1/2025 0:09
111,214,723,pending,3/14/2025 11:40
112,984,970,pending,3/4/2025 22:00
113,913,855,pending,3/1/2025 23:11
114,870,840,completed,3/6/2025 10:36
115,663,957,pending,3/5/2025 0:19
116,162,908,pending,3/16/2025 17:02
117,864,384,pending,3/10/2025 1:30
118,108,927,cancelled,3/7/2025 4:56
119,56,75,cancelled,3/18/2025 15:38
120,233,101,pending,3/10/2025 23:33
121,460,560,completed,3/14/2025 11:44
122,160,292,cancelled,3/15/2025 0:40
123,715,529,completed,3/20/2025 13:50
124,252,303,cancelled,3/20/2025 6:55
125,765,329,pending,3/18/2025 21:40
126,202,499,completed,3/11/2025 16:19
127,463,865,completed,3/12/2025 16:00
128,589,100,cancelled,3/10/2025 19:29
129,318,555,pending,3/3/2025 15:50
130,660,608,cancelled,3/13/2025 8:51
131,640,184,cancelled,3/7/2025 5:12
132,640,835,cancelled,3/6/2025 2:44
133,109,866,pending,3/10/2025 13:34
134,650,404,pending,3/18/2025 0:37
135,256,12,cancelled,3/6/2025 19:49
136,493,3,pending,3/16/2025 22:58
137,46,548,completed,3/6/2025 3:22
138,648,392,cancelled,3/2/2025 19:39
139,668,831,completed,3/2/2025 1:08
140,548,168,completed,3/18/2025 1:19
141,149,985,pending,3/3/2025 20:25
142,782,128,cancelled,3/16/2025 10:00
143,9,936,completed,3/5/2025 11:36
144,457,390,cancelled,3/12/2025 14:06
145,114,695,pending,3/13/2025 5:28
146,769,420,completed,3/8/2025 1:42
147,795,462,completed,3/2/2025 13:48
148,174,612,completed,3/10/2025 4:52
149,909,763,cancelled,3/17/2025 15:13
150,991,107,cancelled,3/3/2025 13:37
151,359,419,completed,3/12/2025 5:30
152,797,988,pending,3/6/2025 3:51
153,582,58,cancelled,3/7/2025 16:14
154,495,285,pending,3/20/2025 12:04
155,413,272,completed,3/17/2025 8:27
156,870,666,completed,3/16/2025 5:59
157,557,600,completed,3/16/2025 14:13
158,297,331,cancelled,3/15/2025 0:35
159,496,420,completed,3/12/2025 15:27
160,446,566,completed,3/19/2025 19:48
161,579,901,pending,3/14/2025 22:58
162,427,337,completed,3/15/2025 10:31
163,67,302,cancelled,3/2/2025 9:04
164,918,35,pending,3/4/2025 3:24
165,616,254,pending,3/11/2025 4:53
166,19,297,completed,3/3/2025 23:05
167,873,63,completed,3/20/2025 1:38
168,609,440,completed,3/1/2025 16:18
169,188,353,completed,3/8/2025 0:38
170,157,374,pending,3/5/2025 19:34
171,290,134,pending,3/2/2025 17:02
172,226,140,cancelled,3/21/2025 2:08
173,504,390,completed,3/18/2025 6:41
174,277,947,cancelled,3/3/2025 18:22
175,813,745,pending,3/7/2025 21:27
176,35,276,cancelled,3/12/2025 1:34
177,425,96,cancelled,3/4/2025 20:52
178,437,262,cancelled,3/5/2025 5:55
179,787,339,completed,3/9/2025 9:23
180,644,983,pending,3/5/2025 1:27
181,465,996,pending,3/16/2025 9:20
182,579,342,pending,3/19/2025 1:41
183,879,382,cancelled,3/13/2025 12:37
184,80,50,cancelled,3/2/2025 4:01
185,486,585,pending,3/21/2025 4:05
186,153,475,pending,3/11/2025 21:04
187,381,344,pending,3/3/2025 12:36
188,896,648,pending,3/11/2025 22:19
189,152,45,completed,3/13/2025 9:32
190,152,550,pending,3/20/2025 9:21
191,206,448,completed,3/10/2025 11:59
192,335,246,completed,3/2/2025 10:05
193,670,601,completed,3/3/2025 2:13
194,771,726,cancelled,3/15/2025 9:44
195,40,294,completed,3/15/2025 20:49
196,111,416,completed,3/20/2025 19:37
197,418,324,cancelled,3/3/2025 21:41
198,985,495,completed,3/4/2025 1:17
199,913,439,cancelled,3/9/2025 3:22
200,97,350,completed,3/8/2025 21:48
201,671,94,completed,3/17/2025 19:09
202,415,917,cancelled,3/18/2025 8:50
203,179,949,completed,3/16/2025 13:08
204,824,571,pending,3/18/2025 4:10
205,915,531,cancelled,3/14/2025 3:27
206,94,747,completed,3/6/2025 16:41
207,937,398,completed,3/18/2025 16:07
208,166,874,pending,3/9/2025 7:30
209,893,594,cancelled,3/12/2025 23:25
210,813,388,pending,3/11/2025 22:06
211,406,787,pending,3/2/2025 12:10
212,603,382,completed,3/8/2025 0:30
213,227,631,cancelled,3/9/2025 9:19
214,479,893,pending,3/7/2025 8:09
215,33,762,cancelled,3/8/2025 11:37
216,794,685,pending,3/17/2025 23:16
217,998,590,completed,3/6/2025 8:04
218,523,176,pending,3/6/2025 20:46
219,488,255,pending,3/3/2025 8:55
220,374,27,cancelled,3/2/2025 23:05
221,837,745,cancelled,3/1/2025 23:38
222,550,747,pending,3/14/2025 23:06
223,486,407,cancelled,3/8/2025 19:20
224,924,893,cancelled,3/1/2025 16:48
225,217,850,cancelled,3/20/2025 20:00
226,981,221,completed,3/10/2025 14:59
227,925,480,completed,3/6/2025 5:40
228,325,607,pending,3/10/2025 10:07
229,69,407,completed,3/19/2025 23:40
230,915,686,pending,3/20/2025 4:11
231,208,281,pending,3/15/2025 22:39
232,250,856,cancelled,3/17/2025 4:43
233,922,858,pending,3/19/2025 18:07
234,312,838,pending,3/17/2025 6:35
235,135,529,cancelled,3/10/2025 15:40
236,327,301,completed,3/13/2025 19:29
237,507,112,cancelled,3/12/2025 0:27
238,572,728,cancelled,3/20/2025 15:24
239,589,4,pending,3/1/2025 21:11
240,183,970,completed,3/14/2025 12:59
241,558,103,completed,3/12/2025 2:23
242,380,154,cancelled,3/6/2025 13:16
243,69,98,cancelled,3/13/2025 2:42
244,163,250,cancelled,3/11/2025 2:32
245,725,701,pending,3/18/2025 16:16
246,615,489,completed,3/10/2025 5:50
247,861,138,completed,3/12/2025 7:34
248,458,321,pending,3/9/2025 3:12
249,810,541,completed,3/16/2025 9:29
250,475,201,cancelled,3/19/2025 21:41
251,832,926,cancelled,3/1/2025 15:16
252,544,242,completed,3/20/2025 3:22
253,323,863,cancelled,3/10/2025 10:56
254,940,1,completed,3/4/2025 3:59
255,256,438,pending,3/18/2025 17:31
256,822,47,completed,3/19/2025 8:03
257,191,555,completed,3/4/2025 2:28
258,520,939,cancelled,3/3/2025 6:16
259,467,517,pending,3/7/2025 13:30
260,137,173,pending,3/5/2025 15:11
261,602,735,pending,3/13/2025 13:58
262,188,706,completed,3/16/2025 0:40
263,22,800,completed,3/16/2025 9:37
264,496,59,cancelled,3/3/2025 13:21
265,92,103,cancelled,3/15/2025 7:39
266,367,376,completed,3/2/2025 7:07
267,518,382,cancelled,3/11/2025 1:30
268,738,317,pending,3/16/2025 11:58
269,73,880,completed,3/13/2025 14:01
270,568,477,completed,3/17/2025 9:23
271,160,442,cancelled,3/6/2025 12:00
272,417,906,cancelled,3/18/2025 4:45
273,870,172,pending,3/19/2025 0:34
274,304,481,pending,3/15/2025 22:55
275,906,849,completed,3/2/2025 11:36
276,786,538,completed,3/16/2025 11:54
277,766,109,completed,3/9/2025 12:24
278,258,360,pending,3/14/2025 3:18
279,531,808,pending,3/13/2025 17:05
280,150,282,cancelled,3/1/2025 12:21
281,483,718,cancelled,3/12/2025 17:17
282,161,298,cancelled,3/14/2025 7:06
283,97,102,pending,3/7/2025 8:11
284,554,702,pending,3/19/2025 8:45
285,387,213,completed,3/18/2025 14:32
286,335,602,pending,3/18/2025 20:45
287,952,42,cancelled,3/18/2025 2:15
288,63,964,completed,3/19/2025 2:29
289,573,86,pending,3/17/2025 2:03
290,664,500,cancelled,3/8/2025 12:13
291,886,375,completed,3/6/2025 7:49
292,190,413,completed,3/13/2025 20:27
293,721,837,completed,3/9/2025 13:31
294,662,118,pending,3/18/2025 6:45
295,25,493,pending,3/13/2025 18:39
296,940,158,cancelled,3/7/2025 18:01
297,494,454,completed,3/14/2025 17:04
298,96,595,cancelled,3/19/2025 6:08
299,911,319,pending,3/1/2025 3:03
300,81,645,pending,3/14/2025 16:21
301,489,287,cancelled,3/2/2025 7:53
302,633,774,pending,3/3/2025 18:50
303,358,66,cancelled,3/3/2025 12:42
304,763,883,pending,3/12/2025 0:49
305,464,759,pending,3/17/2025 18:55
306,651,703,pending,3/5/2025 0:09
307,610,34,pending,3/13/2025 21:15
308,227,6,completed,3/17/2025 18:23
309,6,514,cancelled,3/14/2025 2:19
310,107,997,cancelled,3/8/2025 21:25
311,294,187,cancelled,3/6/2025 21:22
312,904,199,completed,3/8/2025 12:44
313,143,880,cancelled,3/6/2025 10:07
314,657,488,cancelled,3/19/2025 12:18
315,254,854,completed,3/5/2025 22:09
316,896,417,completed,3/10/2025 22:44
317,747,660,pending,3/11/2025 5:40
318,861,735,completed,3/4/2025 20:11
319,888,345,pending,3/5/2025 5:34
320,241,815,completed,3/12/2025 1:29
321,116,267,completed,3/12/2025 18:14
322,256,824,cancelled,3/5/2025 5:22
323,670,104,completed,3/15/2025 13:58
324,777,503,completed,3/3/2025 22:57
325,49,586,completed,3/11/2025 14:05
326,690,649,pending,3/14/2025 14:41
327,853,983,completed,3/17/2025 16:49
328,577,183,completed,3/6/2025 15:44
329,419,323,pending,3/14/2025 3:09
330,275,354,completed,3/1/2025 6:24
331,585,262,cancelled,3/18/2025 18:37
332,460,32,completed,3/3/2025 2:40
333,332,368,completed,3/13/2025 8:50
334,447,811,cancelled,3/18/2025 17:27
335,453,643,cancelled,3/11/2025 19:10
336,164,185,cancelled,3/17/2025 11:49
337,405,756,completed,3/3/2025 19:58
338,609,301,pending,3/21/2025 4:08
339,52,497,completed,3/6/2025 23:14
340,148,495,completed,3/10/2025 23:31
341,386,473,completed,3/10/2025 14:46
342,892,999,cancelled,3/11/2025 6:57
343,553,62,pending,3/18/2025 15:08
344,992,160,cancelled,3/10/2025 21:51
345,223,440,pending,3/17/2025 12:29
346,548,87,pending,3/15/2025 6:06
347,564,283,pending,3/11/2025 20:37
348,291,876,cancelled,3/7/2025 5:24
349,262,245,pending,3/5/2025 19:39
350,909,554,completed,3/19/2025 18:27
351,528,936,pending,3/2/2025 10:41
352,427,797,completed,3/19/2025 7:00
353,730,258,pending,3/7/2025 21:29
354,608,873,pending,3/9/2025 15:33
355,398,880,pending,3/8/2025 23:39
356,840,663,cancelled,3/17/2025 6:07
357,536,704,cancelled,3/8/2025 2:25
358,562,717,completed,3/9/2025 12:56
359,107,531,cancelled,3/14/2025 22:15
360,743,324,cancelled,3/8/2025 0:38
361,882,809,pending,3/8/2025 5:54
362,538,9,cancelled,3/2/2025 9:04
363,687,131,pending,3/13/2025 19:31
364,822,576,completed,3/10/2025 21:47
365,207,152,pending,3/7/2025 3:03
366,695,691,pending,3/2/2025 18:29
367,262,688,completed,3/7/2025 19:46
368,788,682,pending,3/16/2025 11:59
369,84,105,completed,3/10/2025 2:34
370,330,38,cancelled,3/14/2025 17:07
371,677,658,pending,3/20/2025 3:44
372,804,2,cancelled,3/3/2025 9:19
373,866,420,pending,3/19/2025 10:49
374,72,696,pending,3/10/2025 14:14
375,342,908,completed,3/14/2025 2:51
376,981,990,pending,3/15/2025 21:23
377,901,190,pending,3/8/2025 5:43
378,765,904,completed,3/8/2025 13:50
379,271,249,cancelled,3/14/2025 23:15
380,217,855,pending,3/11/2025 18:33
381,926,96,cancelled,3/9/2025 9:09
382,782,804,cancelled,3/20/2025 5:46
383,920,673,completed,3/9/2025 10:55
384,389,843,completed,3/5/2025 23:56
385,594,494,pending,3/3/2025 21:27
386,979,553,cancelled,3/4/2025 9:36
387,94,547,cancelled,3/19/2025 21:23
388,16,418,completed,3/5/2025 1:43
389,151,965,cancelled,3/4/2025 19:08
390,398,414,completed,3/10/2025 18:36
391,807,950,completed,3/4/2025 20:52
392,116,600,completed,3/8/2025 21:48
393,390,684,pending,3/21/2025 0:15
394,211,697,pending,3/5/2025 16:12
395,681,785,cancelled,3/16/2025 12:18
396,50,436,completed,3/16/2025 23:56
397,45,435,pending,3/4/2025 14:58
398,548,459,pending,3/6/2025 17:22
399,947,241,pending,3/6/2025 19:27
400,373,613,completed,3/15/2025 12:26
401,174,595,pending,3/11/2025 0:28
402,379,872,pending,3/8/2025 0:59
403,141,693,pending,3/2/2025 8:42
404,475,63,cancelled,3/12/2025 23:03
405,548,858,completed,3/18/2025 2:49
406,606,833,pending,3/5/2025 8:16
407,722,935,pending,3/12/2025 18:28
408,730,390,pending,3/8/2025 8:56
409,995,159,cancelled,3/8/2025 21:36
410,114,974,cancelled,3/1/2025 15:29
411,525,406,pending,3/18/2025 16:53
412,981,220,cancelled,3/3/2025 11:44
413,88,791,completed,3/10/2025 20:51
414,826,544,cancelled,3/8/2025 19:31
415,485,144,pending,3/11/2025 13:35
416,900,357,cancelled,3/12/2025 7:04
417,716,972,pending,3/14/2025 7:18
418,632,500,cancelled,3/1/2025 16:52
419,221,869,pending,3/11/2025 9:41
420,257,977,cancelled,3/11/2025 4:00
421,572,173,pending,3/8/2025 14:48
422,534,849,completed,3/12/2025 10:29
423,915,344,pending,3/21/2025 5:41
424,755,537,cancelled,3/2/2025 13:00
425,797,237,pending,3/1/2025 15:13
426,101,538,completed,3/18/2025 7:28
427,412,811,cancelled,3/17/2025 0:53
428,225,613,completed,3/7/2025 15:13
429,528,299,pending,3/14/2025 18:15
430,861,972,pending,3/3/2025 1:58
431,115,679,completed,3/20/2025 11:53
432,427,507,pending,3/15/2025 13:30
433,245,6,completed,3/14/2025 12:40
434,356,596,completed,3/15/2025 21:14
435,129,531,pending,3/14/2025 10:48
436,952,962,completed,3/13/2025 3:13
437,230,628,cancelled,3/15/2025 2:41
438,612,770,pending,3/18/2025 13:00
439,480,432,cancelled,3/4/2025 3:32
440,265,460,cancelled,3/14/2025 21:06
441,968,483,cancelled,3/8/2025 11:28
442,499,446,cancelled,3/19/2025 16:01
443,879,124,completed,3/5/2025 12:55
444,128,660,cancelled,3/11/2025 3:57
445,602,485,cancelled,3/19/2025 8:55
446,524,874,cancelled,3/10/2025 21:31
447,801,616,cancelled,3/13/2025 2:49
448,902,770,cancelled,3/17/2025 11:37
449,865,493,pending,3/17/2025 6:16
450,29,554,cancelled,3/20/2025 20:03
451,683,216,completed,3/13/2025 8:06
452,365,782,cancelled,3/18/2025 16:04
453,531,468,cancelled,3/12/2025 22:16
454,828,929,completed,3/20/2025 5:18
455,984,665,pending,3/6/2025 22:55
456,820,858,pending,3/2/2025 16:44
457,79,508,pending,3/5/2025 4:11
458,178,385,completed,3/10/2025 3:13
459,329,74,cancelled,3/13/2025 7:50
460,214,879,completed,3/5/2025 20:10
461,492,322,pending,3/4/2025 16:22
462,517,921,completed,3/5/2025 21:04
463,615,269,completed,3/18/2025 11:00
464,611,306,completed,3/1/2025 3:32
465,632,266,pending,3/19/2025 21:43
466,699,285,pending,3/21/2025 4:34
467,216,353,completed,3/13/2025 16:21
468,371,912,completed,3/17/2025 17:09
469,404,565,completed,3/15/2025 7:13
470,215,195,cancelled,3/20/2025 13:44
471,11,337,cancelled,3/21/2025 4:51
472,958,888,pending,3/4/2025 21:52
473,593,258,pending,3/14/2025 11:39
474,345,97,cancelled,3/2/2025 6:57
475,260,901,cancelled,3/18/2025 10:26
476,166,536,pending,3/3/2025 13:34
477,65,301,cancelled,3/11/2025 13:18
478,844,156,cancelled,3/2/2025 20:18
479,216,923,pending,3/21/2025 5:08
480,548,670,pending,3/17/2025 23:08
481,144,423,completed,3/10/2025 4:38
482,446,883,completed,3/10/2025 17:30
483,674,223,completed,3/13/2025 15:25
484,565,833,cancelled,3/14/2025 13:15
485,321,505,cancelled,3/6/2025 17:49
486,106,645,cancelled,3/4/2025 11:54
487,654,968,completed,3/10/2025 19:51
488,194,125,pending,3/18/2025 6:30
489,969,99,completed,3/10/2025 6:44
490,891,511,pending,3/9/2025 11:20
491,1,574,completed,3/8/2025 7:16
492,672,214,pending,3/10/2025 9:41
493,74,294,cancelled,3/18/2025 5:15
494,675,651,cancelled,3/18/2025 7:39
495,665,878,completed,3/17/2025 4:48
496,599,404,pending,3/20/2025 15:31
497,606,269,completed,3/6/2025 3:51
498,946,386,pending,3/16/2025 15:13
499,921,77,cancelled,3/4/2025 2:43
500,532,102,completed,3/17/2025 5:29
501,202,671,completed,3/12/2025 12:22
502,84,168,completed,3/5/2025 1:43
503,717,917,cancelled,3/13/2025 21:31
504,947,320,completed,3/7/2025 3:28
505,919,762,cancelled,3/10/2025 18:56
506,892,306,completed,3/10/2025 5:39
507,217,370,pending,3/20/2025 12:41
508,152,347,pending,3/1/2025 4:09
509,134,600,cancelled,3/17/2025 15:43
510,90,419,pending,3/12/2025 9:35
511,199,446,cancelled,3/1/2025 18:00
512,798,821,cancelled,3/15/2025 19:57
513,73,283,cancelled,3/5/2025 20:17
514,521,274,cancelled,3/21/2025 0:05
515,930,45,completed,3/19/2025 2:18
516,302,806,completed,3/8/2025 9:58
517,806,872,completed,3/19/2025 13:38
518,282,127,pending,3/7/2025 20:37
519,406,960,pending,3/6/2025 21:16
520,624,396,completed,3/3/2025 9:53
521,295,327,cancelled,3/16/2025 6:19
522,271,372,pending,3/17/2025 21:36
523,744,676,completed,3/13/2025 11:09
524,448,180,completed,3/15/2025 4:57
525,22,438,completed,3/15/2025 4:20
526,697,401,pending,3/17/2025 18:51
527,340,572,pending,3/19/2025 19:35
528,819,1,completed,3/20/2025 13:45
529,515,399,completed,3/7/2025 10:51
530,59,543,completed,3/7/2025 3:12
531,592,894,pending,3/10/2025 15:27
532,486,14,cancelled,3/8/2025 2:33
533,275,410,pending,3/13/2025 5:38
534,50,287,cancelled,3/10/2025 15:47
535,663,329,completed,3/21/2025 5:22
536,115,162,cancelled,3/12/2025 14:24
537,39,259,cancelled,3/20/2025 8:41
538,220,225,cancelled,3/5/2025 4:18
539,64,119,cancelled,3/8/2025 9:41
540,444,608,cancelled,3/10/2025 4:11
541,261,705,completed,3/11/2025 12:29
542,560,442,completed,3/13/2025 22:53
543,657,748,completed,3/12/2025 16:38
544,187,568,cancelled,3/18/2025 2:56
545,463,292,completed,3/9/2025 6:07
546,962,571,completed,3/7/2025 17:55
547,509,886,cancelled,3/6/2025 13:30
548,520,821,completed,3/14/2025 21:01
549,954,703,cancelled,3/10/2025 20:52
550,115,882,pending,3/15/2025 2:55
551,837,742,cancelled,3/13/2025 8:32
552,463,949,pending,3/3/2025 8:58
553,215,503,pending,3/4/2025 15:39
554,52,126,completed,3/4/2025 7:19
555,253,946,pending,3/1/2025 7:51
556,479,460,completed,3/7/2025 18:19
557,324,31,cancelled,3/6/2025 7:22
558,435,33,completed,3/7/2025 7:04
559,714,935,cancelled,3/9/2025 1:55
560,731,215,cancelled,3/11/2025 6:42
561,269,859,completed,3/7/2025 17:52
562,326,629,pending,3/1/2025 9:12
563,622,371,cancelled,3/2/2025 21:06
564,947,203,cancelled,3/6/2025 13:30
565,801,473,completed,3/12/2025 4:40
566,320,68,cancelled,3/13/2025 1:43
567,924,974,cancelled,3/10/2025 23:22
568,852,400,completed,3/4/2025 2:45
569,59,401,pending,3/2/2025 15:48
570,849,835,completed,3/9/2025 3:28
571,408,789,completed,3/3/2025 6:09
572,622,542,completed,3/17/2025 23:13
573,229,505,completed,3/12/2025 15:46
574,438,342,completed,3/4/2025 2:02
575,636,413,cancelled,3/1/2025 23:06
576,58,341,completed,3/17/2025 2:11
577,486,412,cancelled,3/16/2025 21:29
578,674,368,pending,3/17/2025 6:50
579,559,342,completed,3/19/2025 11:30
580,508,704,pending,3/1/2025 4:45
581,734,706,cancelled,3/9/2025 10:35
582,284,990,completed,3/3/2025 6:53
583,925,144,pending,3/3/2025 1:06
584,705,968,cancelled,3/1/2025 12:04
585,373,926,completed,3/19/2025 13:20
586,970,281,completed,3/20/2025 6:59
587,560,637,pending,3/10/2025 1:27
588,92,640,cancelled,3/12/2025 5:36
589,619,90,cancelled,3/13/2025 23:44
590,505,4,cancelled,3/17/2025 8:39
591,723,782,completed,3/20/2025 6:00
592,319,832,completed,3/3/2025 23:50
593,882,743,cancelled,3/5/2025 23:53
594,555,14,pending,3/16/2025 20:01
595,172,861,cancelled,3/7/2025 15:18
596,844,949,cancelled,3/13/2025 4:06
597,599,183,pending,3/13/2025 5:49
598,403,905,completed,3/4/2025 4:55
599,307,86,pending,3/19/2025 18:33
600,910,492,cancelled,3/17/2025 17:33
601,964,458,completed,3/21/2025 3:54
602,165,997,cancelled,3/19/2025 7:08
603,920,766,pending,3/11/2025 7:49
604,522,737,completed,3/11/2025 21:27
605,727,786,completed,3/7/2025 16:35
606,912,192,cancelled,3/15/2025 1:34
607,72,397,cancelled,3/12/2025 0:38
608,570,484,cancelled,3/8/2025 5:26
609,200,227,completed,3/10/2025 3:34
610,151,619,cancelled,3/14/2025 15:18
611,433,567,pending,3/8/2025 5:41
612,92,192,completed,3/13/2025 21:16
613,764,482,completed,3/1/2025 6:01
614,707,90,pending,3/14/2025 13:47
615,821,367,completed,3/5/2025 20:37
616,967,162,pending,3/12/2025 16:05
617,933,68,cancelled,3/5/2025 14:23
618,395,134,pending,3/2/2025 3:19
619,743,725,cancelled,3/20/2025 7:40
620,207,618,cancelled,3/17/2025 11:24
621,175,742,pending,3/19/2025 10:26
622,949,963,cancelled,3/12/2025 19:13
623,400,737,cancelled,3/14/2025 10:01
624,502,524,cancelled,3/5/2025 16:11
625,416,69,cancelled,3/16/2025 2:15
626,823,576,pending,3/21/2025 2:42
627,686,814,cancelled,3/15/2025 1:36
628,906,354,pending,3/17/2025 9:31
629,326,437,pending,3/16/2025 0:43
630,606,905,completed,3/2/2025 15:26
631,862,28,pending,3/19/2025 0:37
632,393,9,completed,3/20/2025 13:40
633,385,440,completed,3/12/2025 13:15
634,435,767,pending,3/8/2025 17:54
635,748,113,pending,3/7/2025 1:36
636,554,144,cancelled,3/18/2025 17:20
637,476,216,pending,3/20/2025 13:06
638,949,687,completed,3/16/2025 5:38
639,233,832,cancelled,3/6/2025 13:32
640,239,944,cancelled,3/19/2025 1:17
641,251,410,cancelled,3/2/2025 0:21
642,113,255,pending,3/20/2025 19:57
643,806,993,pending,3/10/2025 18:38
644,837,800,cancelled,3/11/2025 4:33
645,739,220,pending,3/20/2025 3:23
646,120,713,cancelled,3/13/2025 13:29
647,35,654,pending,3/18/2025 17:53
648,55,1000,completed,3/8/2025 11:56
649,210,43,completed,3/7/2025 17:26
650,421,505,completed,3/12/2025 14:21
651,156,113,cancelled,3/14/2025 22:38
652,932,223,pending,3/5/2025 12:54
653,78,765,pending,3/2/2025 10:50
654,291,158,pending,3/21/2025 0:56
655,215,28,completed,3/11/2025 12:30
656,875,799,pending,3/13/2025 16:14
657,945,220,completed,3/8/2025 12:26
658,232,10,pending,3/1/2025 21:49
659,98,864,cancelled,3/17/2025 2:31
660,912,204,cancelled,3/8/2025 10:54
661,520,560,pending,3/9/2025 2:37
662,600,902,completed,3/18/2025 0:04
663,180,884,cancelled,3/14/2025 11:47
664,866,410,cancelled,3/19/2025 6:20
665,49,314,pending,3/8/2025 19:49
666,749,130,pending,3/15/2025 9:02
667,165,681,cancelled,3/2/2025 23:27
668,86,205,cancelled,3/10/2025 9:10
669,224,570,pending,3/6/2025 3:52
670,349,118,cancelled,3/10/2025 18:32
671,297,610,completed,3/1/2025 1:43
672,903,508,completed,3/19/2025 9:42
673,474,545,cancelled,3/10/2025 4:05
674,861,276,cancelled,3/10/2025 0:14
675,897,53,cancelled,3/19/2025 6:58
676,625,589,pending,3/15/2025 9:58
677,287,663,pending,3/18/2025 11:41
678,56,139,pending,3/10/2025 0:33
679,302,305,pending,3/16/2025 1:38
680,154,785,completed,3/17/2025 14:55
681,334,213,cancelled,3/11/2025 9:29
682,629,937,pending,3/19/2025 6:45
683,195,805,pending,3/13/2025 15:36
684,299,550,pending,3/14/2025 8:30
685,622,235,cancelled,3/1/2025 8:58
686,540,900,pending,3/7/2025 9:12
687,921,536,completed,3/7/2025 20:46
688,854,525,completed,3/18/2025 1:18
689,246,131,cancelled,3/13/2025 3:31
690,85,781,completed,3/9/2025 18:58
691,498,442,cancelled,3/2/2025 2:18
692,500,717,pending,3/14/2025 2:15
693,479,647,cancelled,3/15/2025 3:55
694,529,454,completed,3/1/2025 6:03
695,462,415,cancelled,3/10/2025 21:12
696,634,561,cancelled,3/12/2025 17:08
697,30,132,completed,3/4/2025 17:46
698,633,185,cancelled,3/3/2025 0:51
699,138,233,cancelled,3/4/2025 15:15
700,110,901,completed,3/8/2025 19:12
701,833,15,completed,3/14/2025 16:16
702,83,150,cancelled,3/11/2025 23:02
703,836,742,cancelled,3/14/2025 10:57
704,271,394,pending,3/8/2025 1:33
705,298,174,cancelled,3/9/2025 7:36
706,636,800,pending,3/9/2025 23:19
707,791,877,pending,3/7/2025 10:15
708,999,293,pending,3/18/2025 18:55
709,673,754,cancelled,3/20/2025 9:11
710,599,27,pending,3/16/2025 9:32
711,703,674,completed,3/15/2025 7:35
712,179,505,completed,3/1/2025 1:24
713,973,494,completed,3/7/2025 6:15
714,951,423,pending,3/21/2025 1:57
715,36,668,pending,3/17/2025 14:14
716,696,68,cancelled,3/3/2025 2:38
717,991,149,pending,3/12/2025 17:53
718,626,650,completed,3/14/2025 23:56
719,695,192,cancelled,3/12/2025 0:06
720,502,348,cancelled,3/15/2025 6:28
721,217,844,completed,3/13/2025 15:46
722,898,888,completed,3/15/2025 8:59
723,228,59,pending,3/12/2025 4:00
724,396,747,completed,3/12/2025 2:12
725,784,218,pending,3/20/2025 12:45
726,23,446,cancelled,3/6/2025 0:25
727,47,548,cancelled,3/17/2025 4:10
728,882,810,completed,3/15/2025 11:35
729,308,239,pending,3/16/2025 12:55
730,715,48,cancelled,3/3/2025 13:52
731,403,218,completed,3/17/2025 22:44
732,935,126,pending,3/7/2025 9:52
733,932,843,completed,3/14/2025 21:55
734,224,172,cancelled,3/18/2025 16:07
735,720,608,completed,3/20/2025 6:52
736,84,544,completed,3/14/2025 23:52
737,636,794,pending,3/14/2025 18:09
738,819,482,completed,3/12/2025 23:39
739,230,171,completed,3/2/2025 17:31
740,199,50,completed,3/20/2025 6:16
741,886,842,cancelled,3/19/2025 9:05
742,132,358,pending,3/15/2025 15:01
743,574,996,cancelled,3/8/2025 15:17
744,379,26,pending,3/14/2025 7:15
745,807,317,pending,3/19/2025 19:02
746,385,587,pending,3/19/2025 13:13
747,234,437,pending,3/3/2025 21:37
748,494,395,cancelled,3/2/2025 21:16
749,689,300,cancelled,3/13/2025 19:23
750,931,742,completed,3/19/2025 4:32
751,398,710,pending,3/16/2025 4:56
752,463,777,cancelled,3/13/2025 23:12
753,958,455,cancelled,3/7/2025 15:56
754,997,571,completed,3/20/2025 8:59
755,34,709,completed,3/15/2025 3:13
756,696,418,completed,3/16/2025 9:29
757,352,7,completed,3/13/2025 19:20
758,877,472,cancelled,3/20/2025 2:09
759,174,219,cancelled,3/18/2025 11:19
760,828,212,completed,3/13/2025 16:00
761,205,351,completed,3/12/2025 20:51
762,505,275,cancelled,3/16/2025 0:02
763,331,52,cancelled,3/13/2025 7:51
764,28,788,completed,3/16/2025 4:52
765,168,695,pending,3/17/2025 9:49
766,945,781,completed,3/10/2025 9:20
767,798,355,completed,3/9/2025 18:34
768,939,213,pending,3/18/2025 16:20
769,971,107,cancelled,3/4/2025 1:25
770,917,328,completed,3/11/2025 8:12
771,297,181,cancelled,3/13/2025 1:15
772,926,112,completed,3/4/2025 15:24
773,35,205,pending,3/12/2025 10:01
774,35,479,cancelled,3/20/2025 12:11
775,961,806,completed,3/5/2025 23:56
776,23,559,cancelled,3/2/2025 0:29
777,886,297,cancelled,3/14/2025 9:47
778,241,715,pending,3/11/2025 0:31
779,508,56,cancelled,3/13/2025 18:28
780,16,194,pending,3/8/2025 13:58
781,676,701,pending,3/4/2025 14:26
782,476,181,completed,3/4/2025 19:49
783,485,429,cancelled,3/15/2025 18:58
784,655,381,pending,3/19/2025 22:41
785,981,887,pending,3/15/2025 14:23
786,104,977,pending,3/9/2025 13:13
787,988,590,completed,3/15/2025 4:12
788,253,379,completed,3/19/2025 17:32
789,684,202,cancelled,3/1/2025 21:34
790,30,680,completed,3/5/2025 13:01
791,240,144,cancelled,3/10/2025 3:33
792,775,259,completed,3/12/2025 17:39
793,444,783,completed,3/2/2025 21:12
794,928,318,cancelled,3/13/2025 16:04
795,902,293,completed,3/5/2025 21:45
796,685,410,cancelled,3/13/2025 0:39
797,950,275,pending,3/12/2025 22:59
798,609,735,pending,3/9/2025 10:08
799,487,786,completed,3/6/2025 19:57
800,224,227,cancelled,3/11/2025 23:55
801,131,72,completed,3/4/2025 15:42
802,100,729,completed,3/17/2025 9:35
803,701,240,pending,3/9/2025 14:33
804,614,655,cancelled,3/21/2025 6:12
805,181,348,cancelled,3/13/2025 11:08
806,529,650,pending,3/2/2025 7:54
807,767,742,completed,3/8/2025 17:05
808,243,528,pending,3/1/2025 20:29
809,929,603,pending,3/10/2025 3:05
810,528,281,cancelled,3/15/2025 6:11
811,399,57,cancelled,3/10/2025 6:39
812,820,473,pending,3/7/2025 0:40
813,934,982,completed,3/2/2025 22:20
814,95,438,completed,3/15/2025 18:11
815,243,795,completed,3/18/2025 8:50
816,627,899,pending,3/7/2025 18:11
817,969,800,pending,3/3/2025 16:20
818,797,570,completed,3/10/2025 20:54
819,18,617,pending,3/6/2025 1:36
820,943,869,completed,3/7/2025 18:34
821,590,300,cancelled,3/11/2025 3:27
822,126,122,pending,3/4/2025 6:00
823,96,800,cancelled,3/7/2025 21:50
824,151,508,cancelled,3/15/2025 5:45
825,31,590,pending,3/12/2025 7:28
826,762,965,cancelled,3/9/2025 9:16
827,964,59,cancelled,3/19/2025 13:26
828,598,723,pending,3/4/2025 4:15
829,443,891,pending,3/14/2025 21:42
830,353,706,cancelled,3/16/2025 12:31
831,401,389,completed,3/9/2025 11:43
832,133,128,completed,3/20/2025 8:29
833,214,673,cancelled,3/11/2025 15:57
834,335,439,pending,3/9/2025 0:14
835,203,533,pending,3/7/2025 5:03
836,733,532,pending,3/18/2025 0:13
837,25,228,cancelled,3/12/2025 14:13
838,728,870,completed,3/11/2025 3:05
839,945,72,cancelled,3/20/2025 8:13
840,811,245,pending,3/17/2025 11:00
841,682,195,completed,3/3/2025 0:22
842,812,341,cancelled,3/14/2025 22:59
843,512,102,cancelled,3/10/2025 1:37
844,778,362,cancelled,3/16/2025 5:59
845,70,42,pending,3/9/2025 11:24
846,125,549,cancelled,3/18/2025 13:25
847,682,778,cancelled,3/7/2025 7:36
848,374,419,pending,3/18/2025 18:19
849,647,468,pending,3/14/2025 5:17
850,652,381,pending,3/7/2025 15:57
851,71,164,completed,3/8/2025 16:08
852,66,700,cancelled,3/18/2025 10:02
853,299,378,pending,3/18/2025 9:13
854,173,647,completed,3/8/2025 15:30
855,410,595,cancelled,3/1/2025 22:24
856,294,838,completed,3/18/2025 13:19
857,418,771,completed,3/12/2025 22:10
858,465,145,completed,3/5/2025 7:07
859,3,887,cancelled,3/13/2025 6:36
860,9,345,cancelled,3/5/2025 9:20
861,510,377,cancelled,3/13/2025 6:11
862,839,361,cancelled,3/19/2025 4:49
863,30,16,pending,3/9/2025 22:36
864,962,622,cancelled,3/9/2025 0:55
865,163,694,pending,3/7/2025 15:49
866,461,615,completed,3/1/2025 2:31
867,692,794,completed,3/10/2025 7:01
868,460,361,pending,3/9/2025 2:48
869,935,348,cancelled,3/11/2025 23:05
870,972,228,completed,3/17/2025 18:54
871,786,620,cancelled,3/8/2025 17:20
872,832,302,completed,3/15/2025 15:47
873,558,173,pending,3/17/2025 5:22
874,822,226,pending,3/10/2025 5:50
875,338,848,completed,3/16/2025 13:38
876,696,994,cancelled,3/10/2025 14:13
877,707,637,completed,3/3/2025 23:14
878,544,889,cancelled,3/14/2025 5:12
879,7,825,pending,3/1/2025 1:49
880,751,811,cancelled,3/10/2025 20:50
881,17,647,pending,3/12/2025 19:27
882,565,850,completed,3/12/2025 20:44
883,167,266,pending,3/11/2025 12:45
884,364,493,cancelled,3/14/2025 15:24
885,515,400,pending,3/16/2025 23:58
886,756,973,cancelled,3/7/2025 2:15
887,743,507,pending,3/15/2025 2:19
888,916,738,completed,3/5/2025 1:28
889,632,917,cancelled,3/8/2025 22:20
890,128,276,cancelled,3/13/2025 8:03
891,973,510,cancelled,3/17/2025 5:08
892,456,933,pending,3/4/2025 14:51
893,180,276,completed,3/20/2025 12:02
894,730,903,cancelled,3/2/2025 11:28
895,977,425,pending,3/12/2025 3:28
896,315,768,completed,3/15/2025 6:17
897,929,730,completed,3/13/2025 19:48
898,851,572,completed,3/14/2025 7:54
899,13,28,pending,3/16/2025 6:18
900,545,532,completed,3/3/2025 21:06
901,474,195,pending,3/12/2025 9:04
902,210,852,completed,3/2/2025 17:35
903,413,426,cancelled,3/18/2025 22:32
904,168,561,completed,3/8/2025 21:53
905,380,361,pending,3/5/2025 13:31
906,938,916,pending,3/15/2025 10:50
907,800,934,completed,3/4/2025 3:13
908,762,558,completed,3/5/2025 13:06
909,893,299,completed,3/20/2025 23:39
910,410,424,completed,3/5/2025 14:21
911,355,128,pending,3/8/2025 8:57
912,683,189,completed,3/20/2025 15:37
913,705,957,pending,3/15/2025 22:21
914,950,239,completed,3/18/2025 13:03
915,441,65,pending,3/1/2025 17:46
916,571,472,pending,3/13/2025 3:13
917,109,935,completed,3/3/2025 10:41
918,92,42,completed,3/11/2025 9:59
919,623,841,cancelled,3/11/2025 18:11
920,279,323,cancelled,3/20/2025 16:37
921,826,507,completed,3/5/2025 1:43
922,206,768,pending,3/20/2025 0:57
923,293,276,cancelled,3/2/2025 22:49
924,580,154,pending,3/13/2025 16:32
925,237,985,pending,3/8/2025 5:15
926,43,72,cancelled,3/6/2025 12:37
927,317,407,completed,3/15/2025 13:34
928,41,945,pending,3/20/2025 0:15
929,778,938,pending,3/3/2025 0:57
930,407,371,pending,3/3/2025 10:47
931,616,637,completed,3/4/2025 1:42
932,419,354,completed,3/12/2025 16:39
933,574,301,cancelled,3/2/2025 6:24
934,639,555,cancelled,3/8/2025 17:07
935,520,788,cancelled,3/17/2025 7:27
936,96,170,cancelled,3/8/2025 1:17
937,744,799,cancelled,3/2/2025 10:22
938,977,897,cancelled,3/11/2025 7:58
939,37,512,pending,3/8/2025 15:55
940,911,959,completed,3/5/2025 23:59
941,223,318,cancelled,3/4/2025 18:16
942,189,850,completed,3/1/2025 15:26
943,89,934,pending,3/2/2025 0:43
944,680,817,pending,3/8/2025 0:52
945,989,901,cancelled,3/16/2025 22:54
946,839,324,cancelled,3/20/2025 13:56
947,304,840,cancelled,3/3/2025 20:13
948,156,482,completed,3/14/2025 11:23
949,241,240,completed,3/3/2025 8:53
950,481,298,pending,3/1/2025 3:50
951,236,585,completed,3/18/2025 1:05
952,459,183,completed,3/18/2025 7:49
953,744,686,cancelled,3/5/2025 20:10
954,732,267,cancelled,3/10/2025 10:04
955,492,414,completed,3/14/2025 23:17
956,904,745,completed,3/13/2025 8:36
957,230,625,completed,3/16/2025 20:45
958,601,96,cancelled,3/12/2025 16:11
959,384,31,pending,3/14/2025 12:40
960,292,830,completed,3/15/2025 9:00
961,955,181,completed,3/16/2025 5:05
962,391,308,completed,3/9/2025 0:59
963,397,93,cancelled,3/7/2025 6:39
964,563,451,pending,3/17/2025 10:43
965,285,377,pending,3/4/2025 1:35
966,558,509,cancelled,3/13/2025 23:25
967,890,168,pending,3/12/2025 16:42
968,637,37,cancelled,3/19/2025 0:50
969,836,408,cancelled,3/16/2025 2:39
970,997,497,cancelled,3/5/2025 2:55
971,596,330,completed,3/10/2025 12:51
972,623,87,pending,3/6/2025 4:36
973,284,559,pending,3/8/2025 20:43
974,643,371,cancelled,3/3/2025 19:08
975,226,132,cancelled,3/1/2025 5:18
976,551,409,completed,3/7/2025 12:50
977,853,193,pending,3/5/2025 20:11
978,818,799,cancelled,3/11/2025 6:11
979,855,553,completed,3/7/2025 8:39
980,925,652,pending,3/18/2025 11:35
981,615,839,cancelled,3/10/2025 15:58
982,670,871,cancelled,3/19/2025 2:27
983,300,755,pending,3/18/2025 19:10
984,1,368,completed,3/19/2025 6:19
985,380,113,completed,3/17/2025 22:32
986,915,875,completed,3/5/2025 13:19
987,579,769,cancelled,3/4/2025 13:27
988,272,191,pending,3/4/2025 7:18
989,799,272,pending,3/8/2025 13:03
990,791,943,cancelled,3/19/2025 15:41
991,175,984,pending,3/20/2025 3:50
992,251,394,completed,3/17/2025 10:54
993,635,341,cancelled,3/19/2025 12:40
994,107,93,cancelled,3/3/2025 22:13
995,190,105,completed,3/10/2025 0:46
996,855,211,completed,3/13/2025 19:40
997,980,746,cancelled,3/17/2025 22:04
998,832,967,cancelled,3/13/2025 18:00
999,917,90,completed,3/1/2025 15:31
1000,596,950,cancelled,3/13/2025 12:51
1001,1001,1001,successful,08/14/2025 21:04
